purchase_month,all_orders,eligible_orders,late_orders,excluded_orders,eligibility_coverage_pct,late_rate_pct,is_boundary_month,is_full_calendar_month,volume_floor_orders,meets_volume_floor,trend_included,trend_exclusion_reason,small_sample_warning
2016-09,4,1,1,3,25.0,100.0,True,False,433.1,False,False,排除：数据集首/尾边界月份不完整,True
2016-10,324,265,2,59,81.79,0.755,False,True,433.1,False,False,排除：订单量低于覆盖门槛,False
2016-11,0,0,0,0,,,False,True,433.1,False,False,排除：该日历月无订单记录,False
2016-12,1,1,0,0,100.0,0.0,False,True,433.1,False,False,排除：订单量低于覆盖门槛,True
2017-01,800,750,22,50,93.75,2.933,False,True,433.1,True,True,纳入：完整月份、达到覆盖门槛且位于最长连续可比区间,False
2017-02,1780,1653,49,127,92.865,2.964,False,True,433.1,True,True,纳入：完整月份、达到覆盖门槛且位于最长连续可比区间,False
2017-03,2682,2546,116,136,94.929,4.556,False,True,433.1,True,True,纳入：完整月份、达到覆盖门槛且位于最长连续可比区间,False
2017-04,2404,2303,151,101,95.799,6.557,False,True,433.1,True,True,纳入：完整月份、达到覆盖门槛且位于最长连续可比区间,False
2017-05,3700,3545,106,155,95.811,2.99,False,True,433.1,True,True,纳入：完整月份、达到覆盖门槛且位于最长连续可比区间,False
2017-06,3245,3135,95,110,96.61,3.03,False,True,433.1,True,True,纳入：完整月份、达到覆盖门槛且位于最长连续可比区间,False
2017-07,4026,3872,108,154,96.175,2.789,False,True,433.1,True,True,纳入：完整月份、达到覆盖门槛且位于最长连续可比区间,False
2017-08,4331,4193,122,138,96.814,2.91,False,True,433.1,True,True,纳入：完整月份、达到覆盖门槛且位于最长连续可比区间,False
2017-09,4285,4150,182,135,96.849,4.386,False,True,433.1,True,True,纳入：完整月份、达到覆盖门槛且位于最长连续可比区间,False
2017-10,4631,4478,187,153,96.696,4.176,False,True,433.1,True,True,纳入：完整月份、达到覆盖门槛且位于最长连续可比区间,False
2017-11,7544,7288,904,256,96.607,12.404,False,True,433.1,True,True,纳入：完整月份、达到覆盖门槛且位于最长连续可比区间,False
2017-12,5673,5513,411,160,97.18,7.455,False,True,433.1,True,True,纳入：完整月份、达到覆盖门槛且位于最长连续可比区间,False
2018-01,7269,7069,403,200,97.249,5.701,False,True,433.1,True,True,纳入：完整月份、达到覆盖门槛且位于最长连续可比区间,False
2018-02,6728,6555,926,173,97.429,14.127,False,True,433.1,True,True,纳入：完整月份、达到覆盖门槛且位于最长连续可比区间,False
2018-03,7211,7003,1328,208,97.116,18.963,False,True,433.1,True,True,纳入：完整月份、达到覆盖门槛且位于最长连续可比区间,False
2018-04,6939,6798,306,141,97.968,4.501,False,True,433.1,True,True,纳入：完整月份、达到覆盖门槛且位于最长连续可比区间,False
2018-05,6873,6749,443,124,98.196,6.564,False,True,433.1,True,True,纳入：完整月份、达到覆盖门槛且位于最长连续可比区间,False
2018-06,6167,6096,71,71,98.849,1.165,False,True,433.1,True,True,纳入：完整月份、达到覆盖门槛且位于最长连续可比区间,False
2018-07,6292,6156,208,136,97.839,3.379,False,True,433.1,True,True,纳入：完整月份、达到覆盖门槛且位于最长连续可比区间,False
2018-08,6512,6351,393,161,97.528,6.188,False,True,433.1,True,True,纳入：完整月份、达到覆盖门槛且位于最长连续可比区间,False
2018-09,16,0,0,16,0.0,,False,True,433.1,False,False,排除：订单量低于覆盖门槛,False
2018-10,4,0,0,4,0.0,,True,False,433.1,False,False,排除：数据集首/尾边界月份不完整,False
