product_category_clean,order_count,late_rate,avg_delay_days,bad_review_rate,avg_review_score,cx_exposure,cx_risk_score
agro_industry_and_commerce,177,0.03954802259887,-11.259887005649718,0.1242937853107344,4.107344632768362,0.8700564971751414,0.03544706137839812
air_conditioning,246,0.040650406504065,-13.934959349593496,0.1382113821138211,4.115702479338843,1.3821138211382114,0.07073865318934712
art,195,0.0615384615384615,-12.876923076923076,0.1384615384615384,4.098445595854923,1.6615384615384616,0.14535170671036265
arts_and_craftmanship,23,0.0434782608695652,-6.6521739130434785,0.1304347826086956,4.173913043478261,0.1304347826086956,0.013603587151797525
audio,348,0.1178160919540229,-10.04310344827586,0.2155172413793103,3.840579710144928,8.836206896551724,0.5271750932817404
auto,3809,0.0729850354423733,-11.213179312155422,0.1294302966657915,4.1450804537061465,35.98162247309005,0.40848518350344504
baby,2809,0.0804556781772872,-11.495550017799928,0.141687433250267,4.103336921420882,32.021359914560335,0.534546324995558
bed_bath_table,9272,0.0743097497842968,-11.393658326143226,0.1586496980155306,3.998910319276452,109.3096419327006,0.6464572680788897
books_general_interest,495,0.0646464646464646,-11.896969696969697,0.0626262626262626,4.5336048879837065,2.004040404040404,0.020847728663652698
books_imported,50,0.04,-11.22,0.1,4.44,0.2,0.0066728525457524735
books_technical,256,0.08203125,-11.33203125,0.09375,4.427450980392157,1.96875,0.06811047716818354
cds_dvds_musicals,12,0.0,-15.833333333333334,0.0,4.666666666666667,0.0,5.922650188537699e-05
christmas_supplies,125,0.08,-12.184,0.112,4.1138211382113825,1.12,0.10179555011549167
cine_photo,63,0.0634920634920634,-10.65079365079365,0.1111111111111111,4.333333333333333,0.4444444444444444,0.04188794345843287
computers,177,0.0564971751412429,-11.581920903954805,0.1129943502824858,4.224137931034483,1.1299435028248588,0.06456429036779658
computers_accessories,6529,0.0638688926328687,-12.378465308623069,0.1447388574054219,4.0815635580178515,60.35610353806096,0.4047391072591949
consoles_games,1018,0.0609037328094302,-11.534381139489197,0.1100196463654224,4.178394449950446,6.821218074656189,0.10162527392257122
construction_tools_construction,736,0.0733695652173913,-11.097826086956522,0.1317934782608695,4.125854993160055,7.116847826086958,0.3430843187965174
construction_tools_lights,242,0.0661157024793388,-11.50413223140496,0.1033057851239669,4.150627615062762,1.6528925619834711,0.07351983100704795
construction_tools_safety,159,0.0251572327044025,-12.918238993710691,0.1698113207547169,3.9746835443037978,0.6792452830188679,0.03358142656900874
cool_stuff,3559,0.0590053385782523,-12.421466704130374,0.1118291654959258,4.21750212404418,23.48412475414442,0.13266736422324443
costruction_tools_garden,190,0.0526315789473684,-13.547368421052632,0.1210526315789473,4.247368421052632,1.2105263157894737,0.0801778769273291
costruction_tools_tools,97,0.0618556701030927,-12.175257731958762,0.0824742268041237,4.425531914893617,0.4948453608247423,0.019544745622174405
diapers_and_hygiene,25,0.0,-12.44,0.12,3.96,0.0,0.003198231101810357
drinks,287,0.0522648083623693,-10.968641114982578,0.1010452961672473,4.2369337979094075,1.5156794425087108,0.03917833099717687
dvds_blu_ray,56,0.0714285714285714,-13.178571428571429,0.1428571428571428,4.196428571428571,0.5714285714285714,0.1245977533413618
electronics,2517,0.0762812872467222,-11.016289233214144,0.1311084624553039,4.124499599679744,25.172824791418357,0.4359070538763746
fashio_female_clothing,36,0.0555555555555555,-11.916666666666666,0.1666666666666666,3.9166666666666665,0.3333333333333333,0.05783467909107061
fashion_bags_accessories,1820,0.056043956043956,-13.172527472527472,0.1010989010989011,4.2424075096631695,10.312087912087913,0.07084970288038221
fashion_childrens_clothes,7,0.0,-15.714285714285714,0.0,5.0,0.0,3.701656367836062e-05
fashion_male_clothing,106,0.0471698113207547,-13.443396226415096,0.2264150943396226,3.8190476190476192,1.1320754716981132,0.09067207273014431
fashion_shoes,235,0.0468085106382978,-14.27659574468085,0.1106382978723404,4.264069264069264,1.2170212765957449,0.041043965806566246
fashion_sport,26,0.0384615384615384,-12.192307692307692,0.0769230769230769,4.384615384615385,0.0769230769230769,0.0019001836021558449
fashion_underwear_beach,117,0.094017094017094,-10.504273504273504,0.1623931623931624,4.008620689655173,1.7863247863247864,0.24875130791858333
fixed_telephony,212,0.0471698113207547,-14.90566037735849,0.1650943396226415,3.9665071770334928,1.650943396226415,0.10838449845023987
flowers,29,0.0344827586206896,-11.827586206896552,0.0689655172413793,4.392857142857143,0.0689655172413793,0.0012215466013859003
food,441,0.0702947845804988,-9.802721088435376,0.0997732426303854,4.327231121281464,3.0929705215419503,0.06493198823366829
food_drink,221,0.0361990950226244,-11.407239819004523,0.0407239819004524,4.4434389140271495,0.3257918552036199,0.0024430932027718006
furniture_bedroom,90,0.0666666666666666,-13.333333333333334,0.1222222222222222,4.2555555555555555,0.7333333333333333,0.1036463782994097
furniture_decor,6307,0.0711907404471222,-12.341842397336292,0.1523703821151102,4.057507987220447,68.41430156968448,0.522377746629025
furniture_living_room,414,0.0748792270531401,-11.734299516908212,0.1400966183574879,4.070904645476773,4.342995169082126,0.34547558881013957
furniture_mattress_and_upholstery,37,0.1351351351351351,-7.162162162162162,0.1891891891891892,3.891891891891892,0.945945945945946,0.15905770635500366
garden_tools,3448,0.0652552204176334,-11.861948955916471,0.1218097447795823,4.180280046674445,27.407192575406036,0.27284909087319603
health_beauty,8647,0.0750549323464785,-11.97987741413207,0.1139123395397247,4.229275665620277,73.92910836128138,0.3350739344165203
home_appliances,747,0.0441767068273092,-12.60776439089692,0.109772423025435,4.212365591397849,3.6224899598393576,0.04876315321896038
home_appliances_2,227,0.0616740088105726,-12.33920704845815,0.1233480176211453,4.150442477876106,1.7268722466960351,0.1341628333958502
home_comfort_2,24,0.125,-8.708333333333334,0.2083333333333333,3.8260869565217392,0.625,0.09800011845300378
home_confort,392,0.0943877551020408,-9.762755102040815,0.1862244897959183,3.8846153846153846,6.89030612244898,0.5088148776972736
home_construction,483,0.0600414078674948,-11.48033126293996,0.1718426501035196,3.9854469854469854,4.983436853002071,0.26722997650682095
housewares,5743,0.0536305067038133,-12.087410760926344,0.1175343896917987,4.1930285514100545,36.200592025074,0.17879000256648175
industry_commerce_and_business,231,0.0692640692640692,-12.264069264069263,0.1038961038961039,4.218340611353712,1.6623376623376624,0.07488450832132351
kitchen_dining_laundry_garden_furniture,241,0.0456431535269709,-12.29045643153527,0.1120331950207468,4.125523012552302,1.2323651452282158,0.04747991234477721
la_cuisine,13,0.0,-16.384615384615383,0.1538461538461538,4.25,0.0,0.0030945847235109474
luggage_accessories,1019,0.043179587831207,-12.592737978410206,0.0814524043179587,4.370443349753694,3.5839057899901863,0.01705723254298857
market_place,274,0.0401459854014598,-13.956204379562044,0.1204379562043795,4.088235294117647,1.3248175182481752,0.05241051862673485
music,38,0.0526315789473684,-14.342105263157896,0.1052631578947368,4.2105263157894735,0.2105263157894736,0.01835651392809903
musical_instruments,611,0.0752864157119476,-11.477905073649756,0.11620294599018,4.234710743801653,5.345335515548282,0.256524786291039
office_furniture,1254,0.080542264752791,-11.823763955342905,0.2177033492822966,3.644694533762058,21.98803827751196,0.6460624247329871
party_supplies,38,0.0,-14.789473684210526,0.1578947368421052,4.078947368421052,0.0,0.00830158134760034
pc_gamer,7,0.0,-10.714285714285714,0.2857142857142857,3.4285714285714284,0.0,0.0018014727656802166
perfumery,3086,0.0654569021386908,-12.365197666882697,0.1173039533376539,4.261378413524057,23.69539857420609,0.24449687086648372
pet_shop,1688,0.0509478672985782,-12.35781990521327,0.106042654028436,4.273809523809524,9.119668246445498,0.06948749333701854
portateis_cozinha_e_preparadores_de_alimentos,13,0.0769230769230769,-9.76923076923077,0.2307692307692307,3.6153846153846154,0.2307692307692307,0.0635204232720668
security_and_services,2,0.0,-17.0,0.5,2.5,0.0,0.0007304601899196495
signaling_and_security,138,0.0434782608695652,-11.68840579710145,0.1159420289855072,4.116788321167883,0.6956521739130435,0.035930744477128705
small_appliances,609,0.0476190476190476,-13.86535303776683,0.1149425287356321,4.254966887417218,3.3333333333333335,0.08996505636388763
small_appliances_home_oven_and_coffee,72,0.0555555555555555,-11.51388888888889,0.0694444444444444,4.430555555555555,0.2777777777777778,0.00886176534459953
sports_leisure,7529,0.0657457829725063,-11.868375614291407,0.1131624385708593,4.227388109552439,56.01540709257539,0.2473298718733343
stationery,2264,0.0653710247349823,-12.054328621908128,0.0998233215547703,4.295424255886273,14.77385159010601,0.08037036305845656
tablets_printing_image,79,0.050632911392405,-13.075949367088608,0.1265822784810126,4.1558441558441555,0.5063291139240507,0.053057074605650206
telephony,4093,0.071096994869289,-11.25800146591742,0.1404837527485951,4.051855492750062,40.8807720498412,0.4556788344224429
toys,3803,0.063896923481462,-12.078096239810677,0.1130686300289245,4.23747680890538,27.47567709702866,0.19312775156456674
unknown,1392,0.0725574712643678,-11.38721264367816,0.1731321839080459,4.010853835021708,17.48635057471264,0.5030304226798018
watches_gifts,5493,0.0739122519570362,-11.79938103040233,0.1359912616056799,4.120873074101247,55.21245221190606,0.47523345112826487
