table,column,dtype,missing_count,missing_pct
order_reviews,review_comment_title,str,87656,0.8834153027493349
order_reviews,review_comment_message,str,58247,0.5870253164556962
orders,order_delivered_customer_date,datetime64[us],2965,0.02981667521444877
orders,order_delivered_carrier_date,datetime64[us],1783,0.017930229985619613
products,product_category_name,str,610,0.018512336499651
products,product_description_lenght,float64,610,0.018512336499651
products,product_name_lenght,float64,610,0.018512336499651
products,product_photos_qty,float64,610,0.018512336499651
orders,order_approved_at,datetime64[us],160,0.0016089942780140988
products,product_height_cm,float64,2,6.069618524475737e-05
products,product_length_cm,float64,2,6.069618524475737e-05
products,product_weight_g,float64,2,6.069618524475737e-05
products,product_width_cm,float64,2,6.069618524475737e-05
category_translation,product_category_name,str,0,0.0
category_translation,product_category_name_english,str,0,0.0
customers,customer_city,str,0,0.0
customers,customer_id,str,0,0.0
customers,customer_state,str,0,0.0
customers,customer_unique_id,str,0,0.0
customers,customer_zip_code_prefix,int64,0,0.0
geolocation,geolocation_city,str,0,0.0
geolocation,geolocation_lat,float64,0,0.0
geolocation,geolocation_lng,float64,0,0.0
geolocation,geolocation_state,str,0,0.0
geolocation,geolocation_zip_code_prefix,int64,0,0.0
order_items,freight_value,float64,0,0.0
order_items,order_id,str,0,0.0
order_items,order_item_id,int64,0,0.0
order_items,price,float64,0,0.0
order_items,product_id,str,0,0.0
order_items,seller_id,str,0,0.0
order_items,shipping_limit_date,datetime64[us],0,0.0
order_payments,order_id,str,0,0.0
order_payments,payment_installments,int64,0,0.0
order_payments,payment_sequential,int64,0,0.0
order_payments,payment_type,str,0,0.0
order_payments,payment_value,float64,0,0.0
order_reviews,order_id,str,0,0.0
order_reviews,review_answer_timestamp,datetime64[us],0,0.0
order_reviews,review_creation_date,datetime64[us],0,0.0
order_reviews,review_id,str,0,0.0
order_reviews,review_score,int64,0,0.0
orders,customer_id,str,0,0.0
orders,order_estimated_delivery_date,datetime64[us],0,0.0
orders,order_id,str,0,0.0
orders,order_purchase_timestamp,datetime64[us],0,0.0
orders,order_status,str,0,0.0
products,product_id,str,0,0.0
sellers,seller_city,str,0,0.0
sellers,seller_id,str,0,0.0
sellers,seller_state,str,0,0.0
sellers,seller_zip_code_prefix,int64,0,0.0
