seller_state,customer_state,order_count,late_rate,avg_delay_days,bad_review_rate,risk_exposure,risk_score
AM,AL,1,1.0,38.0,1.0,1.0,0.08252084721298185
AM,MA,1,0.0,0.0,0.0,0.0,0.0035448637760163338
AM,MG,1,0.0,-11.0,1.0,0.0,0.020178455340400667
BA,AC,1,1.0,24.0,1.0,1.0,0.08252084721298185
BA,AL,9,0.0,-16.666666666666668,0.0,0.0,0.01967656269875733
BA,AM,1,0.0,-21.0,0.0,0.0,0.0035448637760163338
BA,AP,2,0.0,-30.0,0.0,0.0,0.00883647202137405
BA,BA,66,0.0757575757575757,-9.424242424242424,0.1212121212121212,5.0,0.3157405166157696
BA,CE,14,0.1428571428571428,-10.714285714285714,0.0714285714285714,2.0,0.19488699487612182
BA,DF,16,0.0,-12.875,0.125,0.0,0.08748092930576437
BA,ES,11,0.0,-13.727272727272728,0.0909090909090909,0.0,0.058240383777238044
BA,GO,8,0.0,-16.875,0.125,0.0,0.06323056902593237
BA,MA,16,0.0625,-2.75,0.0625,1.0,0.1451347787747992
BA,MG,51,0.0,-16.11764705882353,0.1176470588235294,0.0,0.105138065706256
BA,MS,2,0.0,-10.0,0.0,0.0,0.00883647202137405
BA,MT,5,0.0,-18.2,0.2,0.0,0.07039143096811921
BA,PA,8,0.125,-17.25,0.375,1.0,0.32717950137591545
BA,PB,10,0.1,-12.2,0.3,1.0,0.3314350816809688
BA,PE,32,0.0625,-10.5,0.03125,2.0,0.15960858418891452
BA,PI,9,0.0,-13.22222222222222,0.1111111111111111,0.0,0.06136885988563475
BA,PR,10,0.1,-15.8,0.2,1.0,0.30216432039120933
BA,RJ,83,0.0481927710843373,-13.698795180722891,0.1204819277108433,4.0,0.28135601344160066
BA,RN,9,0.2222222222222222,-10.22222222222222,0.3333333333333333,2.0,0.392760429440519
BA,RO,2,0.0,-13.5,0.0,0.0,0.00883647202137405
BA,RR,1,0.0,-21.0,0.0,0.0,0.0035448637760163338
BA,RS,22,0.0454545454545454,-11.681818181818182,0.0,1.0,0.06638855845284321
BA,SC,13,0.0769230769230769,-11.615384615384617,0.0,1.0,0.06602714541806874
BA,SE,9,0.0,-14.444444444444445,0.1111111111111111,0.0,0.06136885988563475
BA,SP,138,0.036231884057971,-13.028985507246375,0.1014492753623188,5.0,0.23095827571753968
BA,TO,2,0.0,-7.0,0.0,0.0,0.00883647202137405
CE,AL,2,0.0,-11.0,0.0,0.0,0.00883647202137405
CE,AM,1,1.0,104.0,1.0,1.0,0.08252084721298185
CE,BA,3,0.0,-10.0,0.0,0.0,0.011559338400053262
CE,CE,9,0.0,-16.333333333333332,0.0,0.0,0.01967656269875733
CE,DF,1,0.0,-15.0,0.0,0.0,0.0035448637760163338
CE,ES,3,0.0,-14.666666666666666,0.3333333333333333,0.0,0.06054506616531394
CE,GO,1,0.0,-29.0,0.0,0.0,0.0035448637760163338
CE,MA,2,0.0,-9.5,0.0,0.0,0.00883647202137405
CE,MG,4,0.0,-20.25,0.0,0.0,0.013357457706728216
CE,MS,1,0.0,-15.0,0.0,0.0,0.0035448637760163338
CE,MT,2,0.0,-9.0,0.0,0.0,0.00883647202137405
CE,PA,3,0.3333333333333333,-7.333333333333333,0.6666666666666666,1.0,0.25834958448564915
CE,PE,7,0.1428571428571428,-9.142857142857142,0.1428571428571428,1.0,0.23474014867162613
CE,PI,3,0.3333333333333333,0.3333333333333333,0.3333333333333333,1.0,0.2415778261919491
CE,PR,4,0.0,-19.25,0.0,0.0,0.013357457706728216
CE,RJ,10,0.1,-18.2,0.1,1.0,0.17697552595193036
CE,RN,1,0.0,-28.0,0.0,0.0,0.0035448637760163338
CE,RO,1,0.0,-12.0,0.0,0.0,0.0035448637760163338
CE,RS,1,0.0,-20.0,0.0,0.0,0.0035448637760163338
CE,SC,2,0.0,-20.5,0.0,0.0,0.00883647202137405
CE,SE,3,0.0,-18.0,0.3333333333333333,0.0,0.06054506616531394
CE,SP,23,0.0434782608695652,-15.130434782608695,0.0869565217391304,1.0,0.16934490856934076
DF,AC,1,0.0,-23.0,0.0,0.0,0.0035448637760163338
DF,AL,4,0.0,-19.0,0.0,0.0,0.013357457706728216
DF,BA,35,0.0571428571428571,-11.457142857142856,0.1714285714285714,2.0,0.3475744055926137
DF,CE,14,0.2857142857142857,-3.5714285714285716,0.2142857142857142,4.0,0.456876079867158
DF,DF,50,0.04,-8.38,0.12,2.0,0.24295874278296406
DF,ES,19,0.2105263157894736,-7.842105263157895,0.1052631578947368,4.0,0.2915531509700044
DF,GO,30,0.0,-11.4,0.0666666666666666,0.0,0.06674920648638681
DF,MA,8,0.0,-10.375,0.375,0.0,0.09699569288578025
DF,MG,103,0.0097087378640776,-18.223300970873787,0.1650485436893204,1.0,0.30254102808844296
DF,MS,7,0.0,-8.857142857142858,0.0,0.0,0.017005071157411688
DF,MT,12,0.0833333333333333,-11.666666666666666,0.0833333333333333,1.0,0.16101966113219493
DF,PA,11,0.0,-16.545454545454547,0.1818181818181818,0.0,0.09871513324576953
DF,PB,8,0.25,-12.375,0.25,2.0,0.35201244226600054
DF,PE,10,0.0,-17.7,0.1,0.0,0.058029495458952696
DF,PI,8,0.25,-5.25,0.375,2.0,0.3744709337281864
DF,PR,27,0.0,-12.925925925925926,0.074074074074074,0.0,0.06844421685379788
DF,RJ,96,0.0729166666666666,-15.6875,0.21875,7.0,0.4719953068103927
DF,RN,6,0.3333333333333333,-5.833333333333333,0.3333333333333333,2.0,0.3392826358962486
DF,RS,22,0.1363636363636363,-16.0,0.2272727272727272,3.0,0.47154475683313396
DF,SC,21,0.1904761904761904,-10.761904761904765,0.0476190476190476,4.0,0.20951968103652605
DF,SE,3,0.3333333333333333,-7.666666666666667,0.6666666666666666,1.0,0.25834958448564915
DF,SP,308,0.0227272727272727,-13.233766233766234,0.1103896103896103,7.0,0.24318995904283502
DF,TO,5,0.2,-8.6,0.0,1.0,0.056199471311224124
ES,BA,23,0.0,-15.217391304347826,0.0869565217391304,0.0,0.07165963499460525
ES,CE,3,0.0,-14.666666666666666,0.3333333333333333,0.0,0.06054506616531394
ES,DF,1,0.0,-12.0,0.0,0.0,0.0035448637760163338
ES,ES,7,0.2857142857142857,-11.571428571428571,0.1428571428571428,2.0,0.2616720920744614
ES,GO,3,0.0,-19.0,0.0,0.0,0.011559338400053262
ES,MA,2,0.0,-11.0,0.0,0.0,0.00883647202137405
ES,MG,44,0.0,-14.181818181818182,0.1590909090909091,0.0,0.13410341455368083
ES,MT,6,0.0,-18.166666666666668,0.3333333333333333,0.0,0.08503218181439647
ES,PA,3,0.3333333333333333,1.6666666666666667,0.3333333333333333,1.0,0.2415778261919491
ES,PE,6,0.0,-16.833333333333332,0.0,0.0,0.016234448597408135
ES,PI,2,0.0,-11.0,0.0,0.0,0.00883647202137405
ES,PR,15,0.0,-17.133333333333333,0.0666666666666666,0.0,0.05529656967156481
ES,RJ,59,0.0847457627118644,-11.508474576271189,0.135593220338983,5.0,0.3611934293744
ES,RN,2,0.0,-23.5,0.0,0.0,0.00883647202137405
ES,RO,1,0.0,-30.0,0.0,0.0,0.0035448637760163338
ES,RS,19,0.1052631578947368,-12.842105263157896,0.0526315789473684,2.0,0.17328573376515818
ES,SC,12,0.0833333333333333,-11.916666666666666,0.25,1.0,0.33265093316995004
ES,SP,100,0.08,-12.19,0.1,8.0,0.27619345268191414
ES,TO,2,0.0,-14.0,0.0,0.0,0.00883647202137405
GO,AC,1,0.0,-30.0,0.0,0.0,0.0035448637760163338
GO,AL,6,0.0,-10.166666666666666,0.0,0.0,0.016234448597408135
GO,AM,2,0.0,-19.5,0.5,0.0,0.048755079894154715
GO,AP,1,0.0,-21.0,0.0,0.0,0.0035448637760163338
GO,BA,8,0.0,-17.125,0.125,0.0,0.06323056902593237
GO,CE,12,0.0,-11.5,0.0,0.0,0.022707678101437964
GO,DF,28,0.0714285714285714,-13.892857142857142,0.1071428571428571,2.0,0.23843605550608704
GO,ES,5,0.0,-14.8,0.0,0.0,0.015001452501402456
GO,GO,31,0.0,-9.516129032258064,0.064516129032258,0.0,0.06649125450592874
GO,MA,9,0.0,-15.0,0.1111111111111111,0.0,0.06136885988563475
GO,MG,83,0.0,-16.048192771084338,0.0843373493975903,0.0,0.08434957908059378
GO,MS,8,0.0,-15.0,0.0,0.0,0.018083942741416656
GO,MT,9,0.0,-12.333333333333334,0.1111111111111111,0.0,0.06136885988563475
GO,PA,10,0.0,-15.7,0.2,0.0,0.0990783497530719
GO,PB,7,0.1428571428571428,-9.428571428571429,0.0,1.0,0.05972925491110771
GO,PE,10,0.2,-9.5,0.1,2.0,0.2173940800029422
GO,PI,2,0.0,-13.5,0.0,0.0,0.00883647202137405
GO,PR,9,0.1111111111111111,-9.88888888888889,0.1111111111111111,1.0,0.19662460580273022
GO,RJ,56,0.0535714285714285,-15.678571428571429,0.1071428571428571,3.0,0.25114977540135824
GO,RN,1,0.0,-22.0,0.0,0.0,0.0035448637760163338
GO,RO,1,0.0,-21.0,0.0,0.0,0.0035448637760163338
GO,RS,11,0.0909090909090909,-15.0,0.0909090909090909,1.0,0.17240312610674943
GO,SC,10,0.1,-7.3,0.0,1.0,0.06439567483747084
GO,SP,126,0.0158730158730158,-14.031746031746032,0.0793650793650793,2.0,0.1755809090468159
GO,TO,5,0.0,-16.4,0.0,0.0,0.015001452501402456
MA,AC,1,0.0,-33.0,0.0,0.0,0.0035448637760163338
MA,AL,4,0.75,0.75,0.25,3.0,0.27408185267225943
MA,AM,1,0.0,-39.0,0.0,0.0,0.0035448637760163338
MA,AP,1,0.0,-15.0,0.0,0.0,0.0035448637760163338
MA,BA,10,0.2,-3.1,0.0,2.0,0.07910268050997642
MA,CE,9,0.1111111111111111,-15.555555555555555,0.2222222222222222,1.0,0.30904450373926884
MA,DF,27,0.1851851851851851,-11.814814814814817,0.1851851851851851,5.0,0.4882183876325011
MA,ES,13,0.4615384615384615,-2.3846153846153846,0.3846153846153846,6.0,0.5080877574522273
MA,GO,16,0.3125,-8.125,0.1875,5.0,0.45408086188842234
MA,MA,14,0.2857142857142857,-6.642857142857143,0.1428571428571428,4.0,0.3699774594889666
MA,MG,31,0.1290322580645161,-13.290322580645162,0.0967741935483871,4.0,0.27545633824825416
MA,MS,3,0.0,-15.0,0.0,0.0,0.011559338400053262
MA,MT,4,0.25,-10.75,0.0,1.0,0.05156909044985619
MA,PA,5,0.2,-16.8,0.2,1.0,0.26370521153728244
MA,PB,4,0.25,-0.75,0.25,1.0,0.26000919031011405
MA,PE,21,0.1428571428571428,-11.761904761904765,0.1428571428571428,3.0,0.3744495422918991
MA,PI,5,0.2,-16.4,0.0,1.0,0.056199471311224124
MA,PR,9,0.3333333333333333,-10.555555555555555,0.3333333333333333,3.0,0.41121914414007343
MA,RJ,41,0.048780487804878,-19.24390243902439,0.073170731707317,2.0,0.18250965388656085
MA,RN,3,0.0,-5.666666666666667,0.0,0.0,0.011559338400053262
MA,RS,17,0.1176470588235294,-17.0,0.1176470588235294,2.0,0.2728010797470457
MA,SC,19,0.1052631578947368,-13.210526315789474,0.1052631578947368,2.0,0.23927202311281778
MA,SE,5,0.6,0.8,0.4,3.0,0.33010084803889717
MA,SP,124,0.2016129032258064,-9.959677419354838,0.1854838709677419,25.0,0.623658459523742
MA,TO,2,0.0,-3.0,0.5,0.0,0.048755079894154715
MG,AC,10,0.0,-20.6,0.1,0.0,0.058029495458952696
MG,AL,35,0.1714285714285714,-11.685714285714283,0.1428571428571428,6.0,0.44017469453715335
MG,AM,13,0.0,-21.692307692307693,0.0,0.0,0.023324176149440805
MG,AP,3,0.0,-14.666666666666666,0.3333333333333333,0.0,0.06054506616531394
MG,BA,368,0.0978260869565217,-10.77445652173913,0.1358695652173913,36.0,0.4388626173326
MG,CE,74,0.1216216216216216,-12.297297297297296,0.1216216216216216,9.0,0.37939714128048446
MG,DF,189,0.031578947368421,-12.83157894736842,0.0894736842105263,5.968421052631579,0.2116317993881363
MG,ES,175,0.0457142857142857,-12.554285714285715,0.1314285714285714,8.0,0.32513724837036145
MG,GO,151,0.0264900662251655,-13.344370860927151,0.1258278145695364,4.0,0.2789576988351162
MG,MA,64,0.140625,-11.375,0.109375,9.0,0.3523920973628363
MG,MG,1539,0.0252918287937743,-12.536316472114136,0.0888456549935149,38.92412451361868,0.22372456706935953
MG,MS,63,0.0476190476190476,-11.555555555555555,0.1269841269841269,3.0,0.2971055442027148
MG,MT,53,0.0754716981132075,-13.547169811320757,0.1698113207547169,4.0,0.39487727721562665
MG,PA,84,0.1071428571428571,-11.11904761904762,0.1547619047619047,9.0,0.45028068967592094
MG,PB,48,0.125,-14.9375,0.125,6.0,0.3762787245807965
MG,PE,110,0.0727272727272727,-15.127272727272729,0.109090909090909,8.0,0.2956117756310588
MG,PI,32,0.03125,-14.46875,0.15625,1.0,0.2749833958985181
MG,PR,367,0.0108991825613079,-15.942779291553132,0.0871934604904632,4.0,0.20033185896385833
MG,RJ,1145,0.0818102697998259,-13.382941688424715,0.1375108790252393,93.67275892080067,0.4478776063234459
MG,RN,30,0.0,-19.033333333333335,0.1333333333333333,0.0,0.109037523639253
MG,RO,14,0.0,-20.785714285714285,0.0,0.0,0.024043423872110784
MG,RR,2,0.0,-29.0,0.0,0.0,0.00883647202137405
MG,RS,281,0.0425531914893617,-16.80496453900709,0.1241134751773049,11.957446808510635,0.305480920669115
MG,SC,253,0.0632411067193675,-13.245059288537549,0.1225296442687747,15.999999999999998,0.34000303827030903
MG,SE,36,0.1111111111111111,-9.083333333333334,0.1388888888888889,4.0,0.380488376213821
MG,SP,2578,0.0352576520728399,-13.597442851607903,0.1018984889577683,90.89422704378148,0.2651630107519994
MG,TO,16,0.125,-14.9375,0.0625,2.0,0.18531333335087355
MS,AC,1,0.0,-11.0,0.0,0.0,0.0035448637760163338
MS,BA,3,0.6666666666666666,-1.0,0.0,2.0,0.046927463355440104
MS,DF,4,0.0,-16.0,0.0,0.0,0.013357457706728216
MS,GO,1,0.0,-13.0,0.0,0.0,0.0035448637760163338
MS,MG,4,0.0,-21.0,0.0,0.0,0.013357457706728216
MS,MT,2,0.0,-10.0,0.0,0.0,0.00883647202137405
MS,PR,4,0.0,-17.75,0.0,0.0,0.013357457706728216
MS,RJ,9,0.0,-15.22222222222222,0.0,0.0,0.01967656269875733
MS,RS,1,0.0,-22.0,0.0,0.0,0.0035448637760163338
MS,SC,1,0.0,-8.0,0.0,0.0,0.0035448637760163338
MS,SP,19,0.0526315789473684,-22.36842105263158,0.2105263157894736,1.0,0.32203834992637675
MT,BA,4,0.0,-19.5,0.0,0.0,0.013357457706728216
MT,CE,2,0.0,-4.5,0.0,0.0,0.00883647202137405
MT,DF,6,0.0,-16.166666666666668,0.0,0.0,0.016234448597408135
MT,ES,2,0.0,-6.0,0.0,0.0,0.00883647202137405
MT,GO,10,0.0,-16.7,0.1,0.0,0.058029495458952696
MT,MA,3,0.0,-15.0,0.0,0.0,0.011559338400053262
MT,MG,20,0.0,-16.75,0.05,0.0,0.056153056470188804
MT,MS,5,0.0,-18.0,0.0,0.0,0.015001452501402456
MT,MT,6,0.0,-7.833333333333333,0.0,0.0,0.016234448597408135
MT,PA,3,0.0,-15.666666666666666,0.0,0.0,0.011559338400053262
MT,PB,2,0.0,-6.5,0.0,0.0,0.00883647202137405
MT,PE,6,0.5,-6.166666666666667,0.5,3.0,0.3618582511917432
MT,PR,8,0.0,-18.125,0.0,0.0,0.018083942741416656
MT,RJ,13,0.0769230769230769,-16.384615384615383,0.1538461538461538,1.0,0.2710345060168276
MT,RN,1,0.0,-25.0,0.0,0.0,0.0035448637760163338
MT,RO,2,0.0,-27.0,0.0,0.0,0.00883647202137405
MT,RS,6,0.0,-20.333333333333332,0.1666666666666666,0.0,0.0698194817301119
MT,SC,5,0.0,-14.0,0.0,0.0,0.015001452501402456
MT,SP,32,0.03125,-16.625,0.0625,1.0,0.14487380253713875
PA,MG,1,0.0,-9.0,0.0,0.0,0.0035448637760163338
PA,PR,1,0.0,-15.0,0.0,0.0,0.0035448637760163338
PA,SP,6,0.0,-11.166666666666666,0.0,0.0,0.016234448597408135
PB,AL,1,0.0,0.0,0.0,0.0,0.0035448637760163338
PB,BA,2,0.0,-7.0,0.0,0.0,0.00883647202137405
PB,CE,2,0.0,-26.5,0.5,0.0,0.048755079894154715
PB,DF,1,0.0,-12.0,1.0,0.0,0.020178455340400667
PB,ES,1,0.0,-10.0,0.0,0.0,0.0035448637760163338
PB,GO,1,0.0,-13.0,1.0,0.0,0.020178455340400667
PB,MA,1,0.0,-32.0,0.0,0.0,0.0035448637760163338
PB,MG,2,0.0,-24.0,0.5,0.0,0.048755079894154715
PB,MT,1,0.0,-17.0,0.0,0.0,0.0035448637760163338
PB,PA,1,0.0,-22.0,1.0,0.0,0.020178455340400667
PB,PB,1,0.0,-18.0,0.0,0.0,0.0035448637760163338
PB,PE,2,0.0,-19.5,0.5,0.0,0.048755079894154715
PB,RJ,9,0.1111111111111111,-17.666666666666668,0.0,1.0,0.06304331531343145
PB,RN,1,0.0,-38.0,0.0,0.0,0.0035448637760163338
PB,SE,1,0.0,-28.0,0.0,0.0,0.0035448637760163338
PB,SP,8,0.0,-21.0,0.25,0.0,0.09117848053539447
PE,AL,9,0.1111111111111111,-9.22222222222222,0.1111111111111111,1.0,0.19662460580273022
PE,AP,1,0.0,-14.0,0.0,0.0,0.0035448637760163338
PE,BA,26,0.0,-18.96153846153846,0.0384615384615384,0.0,0.05865713070945443
PE,CE,17,0.0588235294117647,-17.11764705882353,0.1764705882352941,1.0,0.29390782118383646
PE,DF,15,0.0666666666666666,-13.733333333333333,0.0666666666666666,1.0,0.14883305568316696
PE,ES,17,0.0,-18.470588235294116,0.1176470588235294,0.0,0.08320639913377266
PE,GO,12,0.0,-14.916666666666666,0.0,0.0,0.022707678101437964
PE,MA,5,0.0,-12.6,0.0,0.0,0.015001452501402456
PE,MG,62,0.0,-18.70967741935484,0.1451612903225806,0.0,0.13430172861108036
PE,MS,2,0.0,-18.0,0.0,0.0,0.00883647202137405
PE,MT,1,0.0,-14.0,0.0,0.0,0.0035448637760163338
PE,PA,5,0.0,-13.8,0.4,0.0,0.08151138876636159
PE,PB,8,0.0,-19.75,0.0,0.0,0.018083942741416656
PE,PE,23,0.0434782608695652,-10.91304347826087,0.0869565217391304,1.0,0.16934490856934076
PE,PI,8,0.25,-9.25,0.125,2.0,0.2441140376324553
PE,PR,9,0.1111111111111111,-15.0,0.1111111111111111,1.0,0.19662460580273022
PE,RJ,42,0.0714285714285714,-20.38095238095238,0.1428571428571428,3.0,0.33984012160631155
PE,RN,4,0.0,-16.75,0.25,0.0,0.06734774130455275
PE,RO,3,0.0,-34.333333333333336,0.0,0.0,0.011559338400053262
PE,RS,13,0.1538461538461538,-13.307692307692308,0.1538461538461538,2.0,0.34296106209510696
PE,SC,9,0.1111111111111111,-11.11111111111111,0.1111111111111111,1.0,0.19662460580273022
PE,SE,7,0.0,-20.571428571428573,0.0,0.0,0.017005071157411688
PE,SP,104,0.0192307692307692,-13.086538461538462,0.0961538461538461,2.0,0.19511735319068715
PE,TO,1,0.0,-16.0,0.0,0.0,0.0035448637760163338
PI,CE,1,0.0,-17.0,0.0,0.0,0.0035448637760163338
PI,MA,1,0.0,-14.0,0.0,0.0,0.0035448637760163338
PI,MG,2,0.0,-18.5,0.5,0.0,0.048755079894154715
PI,PB,1,0.0,-19.0,0.0,0.0,0.0035448637760163338
PI,PE,1,0.0,-9.0,0.0,0.0,0.0035448637760163338
PI,PI,1,0.0,-15.0,0.0,0.0,0.0035448637760163338
PI,PR,1,0.0,-22.0,0.0,0.0,0.0035448637760163338
PI,SC,1,0.0,-1.0,0.0,0.0,0.0035448637760163338
PI,SP,2,0.0,-15.5,0.0,0.0,0.00883647202137405
PR,AC,1,0.0,-11.0,1.0,0.0,0.020178455340400667
PR,AL,36,0.3055555555555556,-6.138888888888889,0.3333333333333333,11.0,0.6372353152937559
PR,AM,11,0.0,-21.90909090909091,0.1818181818181818,0.0,0.09871513324576953
PR,AP,2,0.0,-35.0,0.0,0.0,0.00883647202137405
PR,BA,144,0.1458333333333333,-10.26388888888889,0.1875,21.0,0.5953107455018499
PR,CE,64,0.1384615384615384,-9.66153846153846,0.2923076923076923,8.861538461538462,0.5980878286616876
PR,DF,151,0.0263157894736842,-14.638157894736842,0.131578947368421,3.973684210526315,0.2839367129209766
PR,ES,110,0.0818181818181818,-12.954545454545457,0.1272727272727272,9.0,0.37177558415779977
PR,GO,87,0.0459770114942528,-14.781609195402298,0.1264367816091954,4.0,0.30100107346116634
PR,MA,42,0.1627906976744186,-10.232558139534884,0.2790697674418604,6.837209302325582,0.5832315047582791
PR,MG,827,0.0385078219013237,-15.498194945848375,0.1227436823104693,31.845968712394708,0.31327701246514456
PR,MS,55,0.0363636363636363,-14.654545454545454,0.0909090909090909,2.0,0.19604024495596795
PR,MT,62,0.0476190476190476,-15.126984126984128,0.2063492063492063,2.952380952380952,0.39470157001703077
PR,PA,54,0.1111111111111111,-14.98148148148148,0.1851851851851851,6.0,0.4758378078994113
PR,PB,41,0.1219512195121951,-14.024390243902438,0.1951219512195122,5.0,0.4828013209726674
PR,PE,86,0.1046511627906976,-12.36046511627907,0.1627906976744186,9.0,0.4557302510142057
PR,PI,25,0.0,-14.28,0.08,0.0,0.0692087319156569
PR,PR,717,0.0263888888888888,-12.504166666666666,0.0819444444444444,18.920833333333334,0.2060206797992545
PR,RJ,978,0.1189024390243902,-13.329268292682928,0.2052845528455284,116.28658536585364,0.6393807362223135
PR,RN,20,0.15,-11.0,0.2,3.0,0.4461458115510553
PR,RO,18,0.0,-21.333333333333332,0.1666666666666666,0.0,0.11113670667799459
PR,RR,5,0.0,-30.2,0.0,0.0,0.015001452501402456
PR,RS,587,0.0404040404040404,-13.658249158249156,0.1043771043771043,23.71717171717172,0.26446884720520314
PR,SC,392,0.053030303030303,-12.532828282828282,0.1035353535353535,20.78787878787879,0.2856252636751906
PR,SE,22,0.1818181818181818,-11.590909090909092,0.1818181818181818,4.0,0.4545487530851714
PR,SP,2959,0.0302521008403361,-15.166386554621848,0.1038655462184874,89.51596638655462,0.25889064411788126
PR,TO,16,0.125,-12.75,0.125,2.0,0.2950849257179515
RJ,AC,1,0.0,-17.0,0.0,0.0,0.0035448637760163338
RJ,AL,13,0.1538461538461538,-9.461538461538462,0.1538461538461538,2.0,0.34296106209510696
RJ,AM,8,0.0,-26.375,0.125,0.0,0.06323056902593237
RJ,AP,1,0.0,-27.0,0.0,0.0,0.0035448637760163338
RJ,BA,135,0.1111111111111111,-10.8,0.1111111111111111,15.0,0.3624464012969387
RJ,CE,54,0.2037037037037037,-6.425925925925926,0.2407407407407407,11.0,0.6140523676659404
RJ,DF,99,0.0808080808080808,-11.98989898989899,0.1212121212121212,8.0,0.33372974219544316
RJ,ES,100,0.02,-13.95,0.07,2.0,0.1652444483503199
RJ,GO,109,0.055045871559633,-14.743119266055048,0.1009174311926605,6.0,0.25726919898565703
RJ,MA,28,0.1071428571428571,-10.464285714285714,0.1071428571428571,3.0,0.2739201871784993
RJ,MG,557,0.059245960502693,-13.154398563734292,0.1095152603231597,33.0,0.31474101033469476
RJ,MS,33,0.0909090909090909,-9.333333333333334,0.1212121212121212,3.0,0.3001905224841154
RJ,MT,29,0.0689655172413793,-13.137931034482758,0.1379310344827586,2.0,0.3069753184006619
RJ,PA,38,0.0526315789473684,-15.657894736842104,0.1052631578947368,2.0,0.22997465214893562
RJ,PB,24,0.0,-16.083333333333332,0.0416666666666666,0.0,0.05883245183266268
RJ,PE,92,0.0978260869565217,-11.119565217391305,0.1304347826086956,9.0,0.3801226770272904
RJ,PI,22,0.1363636363636363,-12.5,0.1363636363636363,3.0,0.36000371661906405
RJ,PR,204,0.0833333333333333,-13.779411764705882,0.1764705882352941,17.0,0.47929700762404526
RJ,RJ,961,0.0467775467775467,-13.123700623700625,0.1018711018711018,44.95322245322246,0.2781111213047724
RJ,RN,22,0.1363636363636363,-12.954545454545457,0.1363636363636363,3.0,0.36000371661906405
RJ,RO,13,0.1538461538461538,-10.384615384615383,0.3846153846153846,2.0,0.4516335621797576
RJ,RS,200,0.085,-11.485,0.145,17.0,0.4391347289853733
RJ,SC,113,0.0964912280701754,-12.68421052631579,0.1052631578947368,10.903508771929824,0.3121483854155704
RJ,SE,18,0.1666666666666666,-11.22222222222222,0.0555555555555555,3.0,0.20006495217927261
RJ,SP,1339,0.0769230769230769,-11.765496639283048,0.1359223300970873,103.0,0.4350090701977713
RJ,TO,14,0.0714285714285714,-14.857142857142858,0.0,1.0,0.06591008235588577
RN,AL,1,0.0,-22.0,0.0,0.0,0.0035448637760163338
RN,BA,5,0.2,-16.0,0.2,1.0,0.26370521153728244
RN,CE,3,0.3333333333333333,-2.6666666666666665,0.3333333333333333,1.0,0.2415778261919491
RN,DF,1,0.0,-26.0,0.0,0.0,0.0035448637760163338
RN,MG,1,0.0,-13.0,0.0,0.0,0.0035448637760163338
RN,PA,1,0.0,-7.0,0.0,0.0,0.0035448637760163338
RN,PB,2,0.0,-12.0,0.5,0.0,0.048755079894154715
RN,PR,4,0.25,-6.75,0.25,1.0,0.26000919031011405
RN,RJ,2,0.0,-11.0,0.5,0.0,0.048755079894154715
RN,RN,21,0.0,-15.523809523809524,0.0,0.0,0.02712591411212499
RN,RS,4,0.25,-11.0,0.25,1.0,0.26000919031011405
RN,SC,1,0.0,-13.0,0.0,0.0,0.0035448637760163338
RN,SP,5,0.0,-15.8,0.0,0.0,0.015001452501402456
RO,BA,1,0.0,-29.0,0.0,0.0,0.0035448637760163338
RO,ES,1,0.0,-28.0,0.0,0.0,0.0035448637760163338
RO,PR,1,0.0,-24.0,1.0,0.0,0.020178455340400667
RO,RJ,2,0.0,-15.5,0.0,0.0,0.00883647202137405
RO,RS,1,0.0,-13.0,1.0,0.0,0.020178455340400667
RO,SE,1,0.0,-6.0,0.0,0.0,0.0035448637760163338
RO,SP,7,0.0,-30.285714285714285,0.2857142857142857,0.0,0.08704693767290458
RS,AC,2,0.0,-22.5,0.0,0.0,0.00883647202137405
RS,AL,10,0.0,-15.6,0.0,0.0,0.021115058144097292
RS,AM,5,0.0,-23.0,0.0,0.0,0.015001452501402456
RS,AP,3,0.0,-28.333333333333332,0.0,0.0,0.011559338400053262
RS,BA,42,0.1428571428571428,-9.595238095238097,0.1428571428571428,6.0,0.4354394298621705
RS,CE,12,0.0769230769230769,-17.46153846153846,0.0769230769230769,0.9230769230769232,0.15193911797045373
RS,DF,48,0.0208333333333333,-16.208333333333332,0.0833333333333333,1.0,0.1611494110605851
RS,ES,24,0.0416666666666666,-16.958333333333332,0.125,1.0,0.2329643234311955
RS,GO,23,0.0,-19.73913043478261,0.1739130434782608,0.0,0.12391970029453833
RS,MA,14,0.2857142857142857,-11.857142857142858,0.3571428571428571,4.0,0.5016420358195597
RS,MG,188,0.0159574468085106,-19.23936170212766,0.0585106382978723,2.9999999999999996,0.16296342201666109
RS,MS,16,0.0,-14.5625,0.125,0.0,0.08748092930576437
RS,MT,22,0.0454545454545454,-16.90909090909091,0.0909090909090909,1.0,0.17502438137567755
RS,PA,21,0.0476190476190476,-17.19047619047619,0.1428571428571428,1.0,0.2630693668226373
RS,PB,8,0.0,-20.0,0.0,0.0,0.018083942741416656
RS,PE,17,0.1176470588235294,-12.176470588235292,0.2352941176470588,2.0,0.4144703100019492
RS,PI,11,0.0,-21.363636363636363,0.0909090909090909,0.0,0.058240383777238044
RS,PR,141,0.0496453900709219,-13.49645390070922,0.0851063829787234,7.0,0.22769696822719665
RS,RJ,246,0.068825910931174,-15.145748987854253,0.1538461538461538,16.931174089068826,0.4189396116321827
RS,RN,8,0.0,-21.625,0.0,0.0,0.018083942741416656
RS,RO,10,0.0,-23.1,0.2,0.0,0.0990783497530719
RS,RS,289,0.0276816608996539,-11.525951557093425,0.0415224913494809,8.0,0.16742044787947952
RS,SC,117,0.0,-15.205128205128204,0.0427350427350427,0.0,0.07443962444416584
RS,SE,8,0.125,-9.875,0.375,1.0,0.32717950137591545
RS,SP,673,0.0118870728083209,-18.662704309063898,0.0772659732540861,8.0,0.1919565396938119
RS,TO,4,0.0,-23.5,0.0,0.0,0.013357457706728216
SC,AC,4,0.0,-33.5,0.0,0.0,0.013357457706728216
SC,AL,11,0.0,-14.636363636363637,0.0909090909090909,0.0,0.058240383777238044
SC,AM,4,0.0,-19.25,0.0,0.0,0.013357457706728216
SC,AP,4,0.0,-20.25,0.0,0.0,0.013357457706728216
SC,BA,79,0.1139240506329113,-10.974683544303796,0.2151898734177215,9.0,0.5402234501389642
SC,CE,22,0.1818181818181818,-8.0,0.1818181818181818,4.0,0.4545487530851714
SC,DF,69,0.0,-14.391304347826088,0.0579710144927536,0.0,0.0725570779572574
SC,ES,52,0.0384615384615384,-15.634615384615383,0.1153846153846153,2.0,0.2367211586814456
SC,GO,56,0.0535714285714285,-14.75,0.0714285714285714,3.0,0.1954703440623779
SC,MA,21,0.1904761904761904,-11.61904761904762,0.1904761904761904,4.0,0.4640368774634469
SC,MG,434,0.0345622119815668,-15.944700460829493,0.1428571428571428,15.000000000000002,0.3422810832440308
SC,MS,31,0.032258064516129,-14.67741935483871,0.032258064516129,1.0,0.13301995832444885
SC,MT,26,0.1153846153846153,-12.653846153846152,0.1153846153846153,3.0,0.3030004577996151
SC,PA,19,0.1052631578947368,-17.473684210526315,0.1578947368421052,2.0,0.34427629224865863
SC,PB,19,0.1578947368421052,-9.31578947368421,0.2105263157894736,3.0,0.4571681673464644
SC,PE,38,0.0526315789473684,-12.842105263157896,0.1578947368421052,2.0,0.33089878007041096
SC,PI,19,0.1052631578947368,-10.894736842105264,0.2105263157894736,2.0,0.39591773608595743
SC,PR,287,0.0243055555555555,-14.5,0.0868055555555555,6.975694444444445,0.19995101704268312
SC,RJ,474,0.0903361344537815,-13.495798319327733,0.1827731092436974,42.81932773109243,0.5236020753582551
SC,RN,14,0.0714285714285714,-18.142857142857142,0.0714285714285714,1.0,0.1521001900520441
SC,RO,9,0.0,-23.333333333333332,0.2222222222222222,0.0,0.09645643672607615
SC,RS,297,0.046979865771812,-12.634228187919463,0.1174496644295302,13.953020134228188,0.30389743961666543
SC,SC,258,0.0424710424710424,-11.355212355212355,0.0849420849420849,10.957528957528956,0.2200651157608442
SC,SE,15,0.0666666666666666,-10.8,0.2,1.0,0.3101459017497051
SC,SP,1330,0.0360902255639097,-14.66390977443609,0.1218045112781954,48.0,0.30996803181398463
SC,TO,11,0.0,-14.727272727272728,0.1818181818181818,0.0,0.09871513324576953
SE,ES,1,0.0,-18.0,0.0,0.0,0.0035448637760163338
SE,GO,1,0.0,-10.0,0.0,0.0,0.0035448637760163338
SE,PA,1,0.0,-27.0,1.0,0.0,0.020178455340400667
SE,PE,2,0.0,-16.5,0.5,0.0,0.048755079894154715
SE,PR,1,0.0,-15.0,0.0,0.0,0.0035448637760163338
SE,RJ,1,0.0,-25.0,0.0,0.0,0.0035448637760163338
SE,SP,2,0.0,-15.0,0.0,0.0,0.00883647202137405
SP,AC,57,0.0350877192982456,-20.56140350877193,0.1578947368421052,2.0,0.30940939502730325
SP,AL,256,0.2373540856031128,-7.961089494163424,0.2412451361867704,60.76264591439688,0.7213000136356108
SP,AM,99,0.0303030303030303,-19.353535353535353,0.1414141414141414,3.0,0.29294834162604205
SP,AP,49,0.0408163265306122,-18.40816326530612,0.0612244897959183,2.0,0.16112041250925435
SP,BA,2313,0.1269230769230769,-10.857264957264958,0.185042735042735,293.5730769230769,0.6401191697468809
SP,CE,970,0.1362704918032787,-10.9702868852459,0.1680327868852459,132.18237704918033,0.5988547459704026
SP,DF,1386,0.0636623748211731,-11.54077253218884,0.1509298998569384,88.23605150214593,0.44453006103079734
SP,ES,1467,0.1215395003376097,-9.579338284942606,0.1465226198514517,178.29844699527348,0.5531927519407867
SP,GO,1424,0.0732044198895027,-11.58011049723757,0.1450276243093922,104.24309392265192,0.46077897315614974
SP,MA,493,0.1891348088531187,-9.303822937625757,0.2253521126760563,93.24346076458752,0.718928424025397
SP,MG,7469,0.0521026183549325,-12.741206030150751,0.1301243057392224,389.1544564929913,0.3841603106265335
SP,MS,478,0.1224066390041493,-10.255186721991702,0.1597510373443983,58.5103734439834,0.5590124523325588
SP,MT,653,0.0587349397590361,-14.78012048192771,0.1355421686746988,38.35391566265061,0.3852008552913949
SP,PA,683,0.1206395348837209,-14.081395348837209,0.1816860465116279,82.3968023255814,0.5850569263869201
SP,PB,337,0.1035502958579881,-12.97337278106509,0.1597633136094674,34.896449704142015,0.5093724233042655
SP,PE,1134,0.0974539069359086,-13.646180860403865,0.1545215100965759,110.51273046532046,0.5045006666806988
SP,PI,329,0.1631419939577039,-10.607250755287009,0.1691842900302115,53.67371601208459,0.6083461376903839
SP,PR,3130,0.0436156763590391,-13.134007585335018,0.1248419721871049,136.51706700379268,0.3416115141293296
SP,RJ,8188,0.1398356296833454,-10.91841914430747,0.2041334300217549,1144.9741358472324,0.6973559612785261
SP,RN,334,0.0985074626865671,-12.967164179104476,0.1373134328358209,32.90149253731344,0.4457508600043744
SP,RO,169,0.0290697674418604,-20.3546511627907,0.1104651162790697,4.912790697674419,0.24172025583700227
SP,RR,33,0.1515151515151515,-14.515151515151516,0.1818181818181818,5.0,0.4849388059071479
SP,RS,3613,0.0649918077553249,-14.294374658656473,0.1351720371381758,234.81540141998903,0.41532480207773764
SP,SC,2336,0.0942675159235668,-11.035244161358811,0.1528662420382165,220.20891719745225,0.5038805009165145
SP,SE,208,0.1619047619047619,-9.466666666666669,0.2047619047619047,33.67619047619048,0.6478141669877289
SP,SP,30829,0.0458948043617703,-10.150898011545864,0.1113855035279025,1414.8909236690188,0.32639739843529075
SP,TO,198,0.1029411764705882,-11.598039215686274,0.1372549019607843,20.38235294117647,0.4346530657931945
