table,rows,columns,expected_grain,key_checked,distinct_key_values,extra_rows_beyond_distinct_key,full_row_duplicates,column_names
category_translation,71,2,one row per category mapping,product_category_name,71,0,0,"product_category_name, product_category_name_english"
customers,99441,5,"one row per customer_id (customer_id is order-linked, not person-level)",customer_id,99441,0,0,"customer_id, customer_unique_id, customer_zip_code_prefix, customer_city, customer_state"
geolocation,1000163,5,multiple observations per zip-code prefix,geolocation_zip_code_prefix,19015,981148,261831,"geolocation_zip_code_prefix, geolocation_lat, geolocation_lng, geolocation_city, geolocation_state"
order_items,112650,7,one row per order item,order_id,98666,13984,0,"order_id, order_item_id, product_id, seller_id, shipping_limit_date, price, freight_value"
order_payments,103886,5,one row per payment record / sequence,order_id,99440,4446,0,"order_id, payment_sequential, payment_type, payment_installments, payment_value"
order_reviews,99224,7,one row per review record,order_id,98673,551,0,"review_id, order_id, review_score, review_comment_title, review_comment_message, review_creation_date, review_answer_timestamp"
orders,99441,8,one row per order,order_id,99441,0,0,"order_id, customer_id, order_status, order_purchase_timestamp, order_approved_at, order_delivered_carrier_date, order_delivered_customer_date, order_estimated_delivery_date"
products,32951,9,one row per product,product_id,32951,0,0,"product_id, product_category_name, product_name_lenght, product_description_lenght, product_photos_qty, product_weight_g, product_length_cm, product_height_cm, product_width_cm"
sellers,3095,4,one row per seller,seller_id,3095,0,0,"seller_id, seller_zip_code_prefix, seller_city, seller_state"
